Rainfall - (MM), Year, Statistics, Country, ISO3
230.826, 1901, Jan Average, Malaysia, MYS
201.404, 1901, Feb Average, Malaysia, MYS
180.089, 1901, Mar Average, Malaysia, MYS
244.095, 1901, Apr Average, Malaysia, MYS
215.221, 1901, May Average, Malaysia, MYS
196.734, 1901, Jun Average, Malaysia, MYS
176.144, 1901, Jul Average, Malaysia, MYS
188.633, 1901, Aug Average, Malaysia, MYS
201.867, 1901, Sep Average, Malaysia, MYS
269.76, 1901, Oct Average, Malaysia, MYS
352.149, 1901, Nov Average, Malaysia, MYS
306.627, 1901, Dec Average, Malaysia, MYS
293.234, 1902, Jan Average, Malaysia, MYS
250.764, 1902, Feb Average, Malaysia, MYS
188.881, 1902, Mar Average, Malaysia, MYS
332.317, 1902, Apr Average, Malaysia, MYS
323.098, 1902, May Average, Malaysia, MYS
154.117, 1902, Jun Average, Malaysia, MYS
132.777, 1902, Jul Average, Malaysia, MYS
233.186, 1902, Aug Average, Malaysia, MYS
219.194, 1902, Sep Average, Malaysia, MYS
342.056, 1902, Oct Average, Malaysia, MYS
480.992, 1902, Nov Average, Malaysia, MYS
367.588, 1902, Dec Average, Malaysia, MYS
188.866, 1903, Jan Average, Malaysia, MYS
156.704, 1903, Feb Average, Malaysia, MYS
137.052, 1903, Mar Average, Malaysia, MYS
141.855, 1903, Apr Average, Malaysia, MYS
189.971, 1903, May Average, Malaysia, MYS
164.554, 1903, Jun Average, Malaysia, MYS
217.671, 1903, Jul Average, Malaysia, MYS
366.825, 1903, Aug Average, Malaysia, MYS
213.416, 1903, Sep Average, Malaysia, MYS
277.996, 1903, Oct Average, Malaysia, MYS
231.551, 1903, Nov Average, Malaysia, MYS
322.049, 1903, Dec Average, Malaysia, MYS
371.6, 1904, Jan Average, Malaysia, MYS
230.305, 1904, Feb Average, Malaysia, MYS
138.855, 1904, Mar Average, Malaysia, MYS
229.827, 1904, Apr Average, Malaysia, MYS
179.672, 1904, May Average, Malaysia, MYS
123.344, 1904, Jun Average, Malaysia, MYS
176.098, 1904, Jul Average, Malaysia, MYS
197.553, 1904, Aug Average, Malaysia, MYS
173.538, 1904, Sep Average, Malaysia, MYS
337.67, 1904, Oct Average, Malaysia, MYS
262.021, 1904, Nov Average, Malaysia, MYS
327.318, 1904, Dec Average, Malaysia, MYS
221.368, 1905, Jan Average, Malaysia, MYS
144.245, 1905, Feb Average, Malaysia, MYS
131.723, 1905, Mar Average, Malaysia, MYS
188.593, 1905, Apr Average, Malaysia, MYS
336.204, 1905, May Average, Malaysia, MYS
149.701, 1905, Jun Average, Malaysia, MYS
188.444, 1905, Jul Average, Malaysia, MYS
173.564, 1905, Aug Average, Malaysia, MYS
184.553, 1905, Sep Average, Malaysia, MYS
292.541, 1905, Oct Average, Malaysia, MYS
364.699, 1905, Nov Average, Malaysia, MYS
246.349, 1905, Dec Average, Malaysia, MYS
228.693, 1906, Jan Average, Malaysia, MYS
142.009, 1906, Feb Average, Malaysia, MYS
182.114, 1906, Mar Average, Malaysia, MYS
181.902, 1906, Apr Average, Malaysia, MYS
250.971, 1906, May Average, Malaysia, MYS
215.188, 1906, Jun Average, Malaysia, MYS
157.261, 1906, Jul Average, Malaysia, MYS
296.321, 1906, Aug Average, Malaysia, MYS
182.772, 1906, Sep Average, Malaysia, MYS
255.679, 1906, Oct Average, Malaysia, MYS
213.436, 1906, Nov Average, Malaysia, MYS
481.599, 1906, Dec Average, Malaysia, MYS
228.949, 1907, Jan Average, Malaysia, MYS
179.518, 1907, Feb Average, Malaysia, MYS
208.756, 1907, Mar Average, Malaysia, MYS
201.193, 1907, Apr Average, Malaysia, MYS
265.457, 1907, May Average, Malaysia, MYS
191.501, 1907, Jun Average, Malaysia, MYS
188.319, 1907, Jul Average, Malaysia, MYS
157.411, 1907, Aug Average, Malaysia, MYS
231.258, 1907, Sep Average, Malaysia, MYS
313.444, 1907, Oct Average, Malaysia, MYS
381.33, 1907, Nov Average, Malaysia, MYS
369.826, 1907, Dec Average, Malaysia, MYS
191.925, 1908, Jan Average, Malaysia, MYS
259.829, 1908, Feb Average, Malaysia, MYS
220.636, 1908, Mar Average, Malaysia, MYS
202.538, 1908, Apr Average, Malaysia, MYS
244.044, 1908, May Average, Malaysia, MYS
219.396, 1908, Jun Average, Malaysia, MYS
160.755, 1908, Jul Average, Malaysia, MYS
183.175, 1908, Aug Average, Malaysia, MYS
314.425, 1908, Sep Average, Malaysia, MYS
282.003, 1908, Oct Average, Malaysia, MYS
417.593, 1908, Nov Average, Malaysia, MYS
360.948, 1908, Dec Average, Malaysia, MYS
351.169, 1909, Jan Average, Malaysia, MYS
246.073, 1909, Feb Average, Malaysia, MYS
193.61, 1909, Mar Average, Malaysia, MYS
209.729, 1909, Apr Average, Malaysia, MYS
247.573, 1909, May Average, Malaysia, MYS
232.552, 1909, Jun Average, Malaysia, MYS
145.551, 1909, Jul Average, Malaysia, MYS
275.257, 1909, Aug Average, Malaysia, MYS
167.114, 1909, Sep Average, Malaysia, MYS
302.066, 1909, Oct Average, Malaysia, MYS
297.648, 1909, Nov Average, Malaysia, MYS
324.473, 1909, Dec Average, Malaysia, MYS
316.21, 1910, Jan Average, Malaysia, MYS
361.78, 1910, Feb Average, Malaysia, MYS
271.839, 1910, Mar Average, Malaysia, MYS
232.607, 1910, Apr Average, Malaysia, MYS
274.44, 1910, May Average, Malaysia, MYS
306.458, 1910, Jun Average, Malaysia, MYS
184.895, 1910, Jul Average, Malaysia, MYS
241.497, 1910, Aug Average, Malaysia, MYS
278.195, 1910, Sep Average, Malaysia, MYS
291.759, 1910, Oct Average, Malaysia, MYS
336.352, 1910, Nov Average, Malaysia, MYS
415.114, 1910, Dec Average, Malaysia, MYS
272.025, 1911, Jan Average, Malaysia, MYS
184.177, 1911, Feb Average, Malaysia, MYS
177.336, 1911, Mar Average, Malaysia, MYS
222.838, 1911, Apr Average, Malaysia, MYS
202.186, 1911, May Average, Malaysia, MYS
125.852, 1911, Jun Average, Malaysia, MYS
141.321, 1911, Jul Average, Malaysia, MYS
209.042, 1911, Aug Average, Malaysia, MYS
245.801, 1911, Sep Average, Malaysia, MYS
291.886, 1911, Oct Average, Malaysia, MYS
354.869, 1911, Nov Average, Malaysia, MYS
411.909, 1911, Dec Average, Malaysia, MYS
138.144, 1912, Jan Average, Malaysia, MYS
175.786, 1912, Feb Average, Malaysia, MYS
169.401, 1912, Mar Average, Malaysia, MYS
221.228, 1912, Apr Average, Malaysia, MYS
306.6, 1912, May Average, Malaysia, MYS
221.833, 1912, Jun Average, Malaysia, MYS
146.539, 1912, Jul Average, Malaysia, MYS
195.565, 1912, Aug Average, Malaysia, MYS
233.444, 1912, Sep Average, Malaysia, MYS
299.202, 1912, Oct Average, Malaysia, MYS
310.573, 1912, Nov Average, Malaysia, MYS
329.644, 1912, Dec Average, Malaysia, MYS
316.029, 1913, Jan Average, Malaysia, MYS
133.357, 1913, Feb Average, Malaysia, MYS
241.911, 1913, Mar Average, Malaysia, MYS
264.967, 1913, Apr Average, Malaysia, MYS
301.164, 1913, May Average, Malaysia, MYS
259.084, 1913, Jun Average, Malaysia, MYS
173.005, 1913, Jul Average, Malaysia, MYS
209.622, 1913, Aug Average, Malaysia, MYS
232.439, 1913, Sep Average, Malaysia, MYS
310.951, 1913, Oct Average, Malaysia, MYS
386.537, 1913, Nov Average, Malaysia, MYS
403.797, 1913, Dec Average, Malaysia, MYS
258.945, 1914, Jan Average, Malaysia, MYS
107.408, 1914, Feb Average, Malaysia, MYS
200.609, 1914, Mar Average, Malaysia, MYS
211.92, 1914, Apr Average, Malaysia, MYS
189.494, 1914, May Average, Malaysia, MYS
214.24, 1914, Jun Average, Malaysia, MYS
114.034, 1914, Jul Average, Malaysia, MYS
156.731, 1914, Aug Average, Malaysia, MYS
165.037, 1914, Sep Average, Malaysia, MYS
266.956, 1914, Oct Average, Malaysia, MYS
331.087, 1914, Nov Average, Malaysia, MYS
276.631, 1914, Dec Average, Malaysia, MYS
218.815, 1915, Jan Average, Malaysia, MYS
78.5263, 1915, Feb Average, Malaysia, MYS
207.348, 1915, Mar Average, Malaysia, MYS
231.719, 1915, Apr Average, Malaysia, MYS
206.672, 1915, May Average, Malaysia, MYS
226.945, 1915, Jun Average, Malaysia, MYS
235.492, 1915, Jul Average, Malaysia, MYS
227.26, 1915, Aug Average, Malaysia, MYS
275, 1915, Sep Average, Malaysia, MYS
312.052, 1915, Oct Average, Malaysia, MYS
411.152, 1915, Nov Average, Malaysia, MYS
304.775, 1915, Dec Average, Malaysia, MYS
148.426, 1916, Jan Average, Malaysia, MYS
153.641, 1916, Feb Average, Malaysia, MYS
391.077, 1916, Mar Average, Malaysia, MYS
229.434, 1916, Apr Average, Malaysia, MYS
295.348, 1916, May Average, Malaysia, MYS
180.418, 1916, Jun Average, Malaysia, MYS
332.459, 1916, Jul Average, Malaysia, MYS
306.634, 1916, Aug Average, Malaysia, MYS
184.327, 1916, Sep Average, Malaysia, MYS
317.451, 1916, Oct Average, Malaysia, MYS
305.137, 1916, Nov Average, Malaysia, MYS
340.07, 1916, Dec Average, Malaysia, MYS
353.083, 1917, Jan Average, Malaysia, MYS
349.098, 1917, Feb Average, Malaysia, MYS
366.862, 1917, Mar Average, Malaysia, MYS
207.563, 1917, Apr Average, Malaysia, MYS
253.948, 1917, May Average, Malaysia, MYS
209.222, 1917, Jun Average, Malaysia, MYS
147.323, 1917, Jul Average, Malaysia, MYS
366.154, 1917, Aug Average, Malaysia, MYS
278.468, 1917, Sep Average, Malaysia, MYS
235.613, 1917, Oct Average, Malaysia, MYS
336.291, 1917, Nov Average, Malaysia, MYS
339.51, 1917, Dec Average, Malaysia, MYS
494.385, 1918, Jan Average, Malaysia, MYS
254.759, 1918, Feb Average, Malaysia, MYS
211.449, 1918, Mar Average, Malaysia, MYS
257.842, 1918, Apr Average, Malaysia, MYS
248.193, 1918, May Average, Malaysia, MYS
247.274, 1918, Jun Average, Malaysia, MYS
112.743, 1918, Jul Average, Malaysia, MYS
228.619, 1918, Aug Average, Malaysia, MYS
239.895, 1918, Sep Average, Malaysia, MYS
284.13, 1918, Oct Average, Malaysia, MYS
378.164, 1918, Nov Average, Malaysia, MYS
348.477, 1918, Dec Average, Malaysia, MYS
177.153, 1919, Jan Average, Malaysia, MYS
134.316, 1919, Feb Average, Malaysia, MYS
217.199, 1919, Mar Average, Malaysia, MYS
180.006, 1919, Apr Average, Malaysia, MYS
253.043, 1919, May Average, Malaysia, MYS
154.261, 1919, Jun Average, Malaysia, MYS
193.712, 1919, Jul Average, Malaysia, MYS
110.523, 1919, Aug Average, Malaysia, MYS
239.237, 1919, Sep Average, Malaysia, MYS
301.35, 1919, Oct Average, Malaysia, MYS
331.969, 1919, Nov Average, Malaysia, MYS
453.538, 1919, Dec Average, Malaysia, MYS
348.931, 1920, Jan Average, Malaysia, MYS
155.827, 1920, Feb Average, Malaysia, MYS
173.909, 1920, Mar Average, Malaysia, MYS
285.903, 1920, Apr Average, Malaysia, MYS
183, 1920, May Average, Malaysia, MYS
191.61, 1920, Jun Average, Malaysia, MYS
117.479, 1920, Jul Average, Malaysia, MYS
207.706, 1920, Aug Average, Malaysia, MYS
260.704, 1920, Sep Average, Malaysia, MYS
261.127, 1920, Oct Average, Malaysia, MYS
365.277, 1920, Nov Average, Malaysia, MYS
253.63, 1920, Dec Average, Malaysia, MYS
293.252, 1921, Jan Average, Malaysia, MYS
300.736, 1921, Feb Average, Malaysia, MYS
373.187, 1921, Mar Average, Malaysia, MYS
198.213, 1921, Apr Average, Malaysia, MYS
274.306, 1921, May Average, Malaysia, MYS
202.458, 1921, Jun Average, Malaysia, MYS
184.478, 1921, Jul Average, Malaysia, MYS
167.481, 1921, Aug Average, Malaysia, MYS
282.425, 1921, Sep Average, Malaysia, MYS
289.734, 1921, Oct Average, Malaysia, MYS
298.098, 1921, Nov Average, Malaysia, MYS
264.756, 1921, Dec Average, Malaysia, MYS
318.353, 1922, Jan Average, Malaysia, MYS
220.549, 1922, Feb Average, Malaysia, MYS
284.24, 1922, Mar Average, Malaysia, MYS
277.739, 1922, Apr Average, Malaysia, MYS
266.68, 1922, May Average, Malaysia, MYS
176.63, 1922, Jun Average, Malaysia, MYS
157.634, 1922, Jul Average, Malaysia, MYS
257.274, 1922, Aug Average, Malaysia, MYS
217.785, 1922, Sep Average, Malaysia, MYS
353.826, 1922, Oct Average, Malaysia, MYS
364.427, 1922, Nov Average, Malaysia, MYS
329.25, 1922, Dec Average, Malaysia, MYS
337.748, 1923, Jan Average, Malaysia, MYS
231, 1923, Feb Average, Malaysia, MYS
202.557, 1923, Mar Average, Malaysia, MYS
258.077, 1923, Apr Average, Malaysia, MYS
229.789, 1923, May Average, Malaysia, MYS
204.745, 1923, Jun Average, Malaysia, MYS
180.146, 1923, Jul Average, Malaysia, MYS
182.835, 1923, Aug Average, Malaysia, MYS
209.262, 1923, Sep Average, Malaysia, MYS
293.911, 1923, Oct Average, Malaysia, MYS
350.375, 1923, Nov Average, Malaysia, MYS
360.212, 1923, Dec Average, Malaysia, MYS
265.98, 1924, Jan Average, Malaysia, MYS
250.435, 1924, Feb Average, Malaysia, MYS
311.276, 1924, Mar Average, Malaysia, MYS
266.35, 1924, Apr Average, Malaysia, MYS
362.779, 1924, May Average, Malaysia, MYS
236.344, 1924, Jun Average, Malaysia, MYS
192.91, 1924, Jul Average, Malaysia, MYS
250.656, 1924, Aug Average, Malaysia, MYS
318.768, 1924, Sep Average, Malaysia, MYS
259.35, 1924, Oct Average, Malaysia, MYS
350.285, 1924, Nov Average, Malaysia, MYS
398.256, 1924, Dec Average, Malaysia, MYS
356.725, 1925, Jan Average, Malaysia, MYS
401.292, 1925, Feb Average, Malaysia, MYS
277.828, 1925, Mar Average, Malaysia, MYS
271.562, 1925, Apr Average, Malaysia, MYS
219.969, 1925, May Average, Malaysia, MYS
238.23, 1925, Jun Average, Malaysia, MYS
145.855, 1925, Jul Average, Malaysia, MYS
170.268, 1925, Aug Average, Malaysia, MYS
316.31, 1925, Sep Average, Malaysia, MYS
400.981, 1925, Oct Average, Malaysia, MYS
462.917, 1925, Nov Average, Malaysia, MYS
406.724, 1925, Dec Average, Malaysia, MYS
300.011, 1926, Jan Average, Malaysia, MYS
136.632, 1926, Feb Average, Malaysia, MYS
139.218, 1926, Mar Average, Malaysia, MYS
246.324, 1926, Apr Average, Malaysia, MYS
283, 1926, May Average, Malaysia, MYS
194.123, 1926, Jun Average, Malaysia, MYS
202.104, 1926, Jul Average, Malaysia, MYS
155.172, 1926, Aug Average, Malaysia, MYS
292.981, 1926, Sep Average, Malaysia, MYS
354.833, 1926, Oct Average, Malaysia, MYS
368.001, 1926, Nov Average, Malaysia, MYS
446.131, 1926, Dec Average, Malaysia, MYS
323.06, 1927, Jan Average, Malaysia, MYS
193.369, 1927, Feb Average, Malaysia, MYS
296.556, 1927, Mar Average, Malaysia, MYS
286.105, 1927, Apr Average, Malaysia, MYS
271.682, 1927, May Average, Malaysia, MYS
233.327, 1927, Jun Average, Malaysia, MYS
164.791, 1927, Jul Average, Malaysia, MYS
190.234, 1927, Aug Average, Malaysia, MYS
352.921, 1927, Sep Average, Malaysia, MYS
329.879, 1927, Oct Average, Malaysia, MYS
326.608, 1927, Nov Average, Malaysia, MYS
354.481, 1927, Dec Average, Malaysia, MYS
278.576, 1928, Jan Average, Malaysia, MYS
267.005, 1928, Feb Average, Malaysia, MYS
230.124, 1928, Mar Average, Malaysia, MYS
296.385, 1928, Apr Average, Malaysia, MYS
227.459, 1928, May Average, Malaysia, MYS
125.33, 1928, Jun Average, Malaysia, MYS
172.24, 1928, Jul Average, Malaysia, MYS
211.374, 1928, Aug Average, Malaysia, MYS
205.665, 1928, Sep Average, Malaysia, MYS
369.568, 1928, Oct Average, Malaysia, MYS
395.911, 1928, Nov Average, Malaysia, MYS
363.432, 1928, Dec Average, Malaysia, MYS
174.036, 1929, Jan Average, Malaysia, MYS
233.183, 1929, Feb Average, Malaysia, MYS
288.267, 1929, Mar Average, Malaysia, MYS
266.728, 1929, Apr Average, Malaysia, MYS
336.35, 1929, May Average, Malaysia, MYS
229.082, 1929, Jun Average, Malaysia, MYS
115.503, 1929, Jul Average, Malaysia, MYS
169.145, 1929, Aug Average, Malaysia, MYS
357.209, 1929, Sep Average, Malaysia, MYS
268.125, 1929, Oct Average, Malaysia, MYS
424.889, 1929, Nov Average, Malaysia, MYS
170.988, 1929, Dec Average, Malaysia, MYS
216.578, 1930, Jan Average, Malaysia, MYS
75.7705, 1930, Feb Average, Malaysia, MYS
192.936, 1930, Mar Average, Malaysia, MYS
234.961, 1930, Apr Average, Malaysia, MYS
243.232, 1930, May Average, Malaysia, MYS
274.93, 1930, Jun Average, Malaysia, MYS
116.038, 1930, Jul Average, Malaysia, MYS
189.728, 1930, Aug Average, Malaysia, MYS
187.425, 1930, Sep Average, Malaysia, MYS
423.105, 1930, Oct Average, Malaysia, MYS
333.411, 1930, Nov Average, Malaysia, MYS
328.557, 1930, Dec Average, Malaysia, MYS
310.283, 1931, Jan Average, Malaysia, MYS
118.907, 1931, Feb Average, Malaysia, MYS
182.128, 1931, Mar Average, Malaysia, MYS
223.632, 1931, Apr Average, Malaysia, MYS
283.351, 1931, May Average, Malaysia, MYS
268.08, 1931, Jun Average, Malaysia, MYS
225.28, 1931, Jul Average, Malaysia, MYS
147.65, 1931, Aug Average, Malaysia, MYS
301.468, 1931, Sep Average, Malaysia, MYS
301.57, 1931, Oct Average, Malaysia, MYS
357.067, 1931, Nov Average, Malaysia, MYS
385.359, 1931, Dec Average, Malaysia, MYS
239.833, 1932, Jan Average, Malaysia, MYS
196.619, 1932, Feb Average, Malaysia, MYS
316.11, 1932, Mar Average, Malaysia, MYS
285.355, 1932, Apr Average, Malaysia, MYS
283.146, 1932, May Average, Malaysia, MYS
237.001, 1932, Jun Average, Malaysia, MYS
237.418, 1932, Jul Average, Malaysia, MYS
248.871, 1932, Aug Average, Malaysia, MYS
229.812, 1932, Sep Average, Malaysia, MYS
349.813, 1932, Oct Average, Malaysia, MYS
409.151, 1932, Nov Average, Malaysia, MYS
405.806, 1932, Dec Average, Malaysia, MYS
288.676, 1933, Jan Average, Malaysia, MYS
167.972, 1933, Feb Average, Malaysia, MYS
271.766, 1933, Mar Average, Malaysia, MYS
265.148, 1933, Apr Average, Malaysia, MYS
296.04, 1933, May Average, Malaysia, MYS
194.757, 1933, Jun Average, Malaysia, MYS
198.121, 1933, Jul Average, Malaysia, MYS
240.261, 1933, Aug Average, Malaysia, MYS
315.209, 1933, Sep Average, Malaysia, MYS
346.62, 1933, Oct Average, Malaysia, MYS
390.046, 1933, Nov Average, Malaysia, MYS
393.159, 1933, Dec Average, Malaysia, MYS
454.957, 1934, Jan Average, Malaysia, MYS
296.094, 1934, Feb Average, Malaysia, MYS
341.23, 1934, Mar Average, Malaysia, MYS
252.708, 1934, Apr Average, Malaysia, MYS
197.525, 1934, May Average, Malaysia, MYS
296.29, 1934, Jun Average, Malaysia, MYS
205.116, 1934, Jul Average, Malaysia, MYS
258.746, 1934, Aug Average, Malaysia, MYS
216.516, 1934, Sep Average, Malaysia, MYS
311.936, 1934, Oct Average, Malaysia, MYS
384.57, 1934, Nov Average, Malaysia, MYS
309.76, 1934, Dec Average, Malaysia, MYS
204.86, 1935, Jan Average, Malaysia, MYS
211.044, 1935, Feb Average, Malaysia, MYS
285.254, 1935, Mar Average, Malaysia, MYS
265.073, 1935, Apr Average, Malaysia, MYS
273.502, 1935, May Average, Malaysia, MYS
254.911, 1935, Jun Average, Malaysia, MYS
169.426, 1935, Jul Average, Malaysia, MYS
290.518, 1935, Aug Average, Malaysia, MYS
241.206, 1935, Sep Average, Malaysia, MYS
397.197, 1935, Oct Average, Malaysia, MYS
347.383, 1935, Nov Average, Malaysia, MYS
362.976, 1935, Dec Average, Malaysia, MYS
365.688, 1936, Jan Average, Malaysia, MYS
145.867, 1936, Feb Average, Malaysia, MYS
284.336, 1936, Mar Average, Malaysia, MYS
322.669, 1936, Apr Average, Malaysia, MYS
371.225, 1936, May Average, Malaysia, MYS
175.667, 1936, Jun Average, Malaysia, MYS
189.782, 1936, Jul Average, Malaysia, MYS
200.622, 1936, Aug Average, Malaysia, MYS
263.808, 1936, Sep Average, Malaysia, MYS
403.89, 1936, Oct Average, Malaysia, MYS
335.398, 1936, Nov Average, Malaysia, MYS
362.368, 1936, Dec Average, Malaysia, MYS
305.4, 1937, Jan Average, Malaysia, MYS
184.972, 1937, Feb Average, Malaysia, MYS
217.602, 1937, Mar Average, Malaysia, MYS
354.881, 1937, Apr Average, Malaysia, MYS
324.062, 1937, May Average, Malaysia, MYS
223.935, 1937, Jun Average, Malaysia, MYS
199.207, 1937, Jul Average, Malaysia, MYS
174.105, 1937, Aug Average, Malaysia, MYS
253.746, 1937, Sep Average, Malaysia, MYS
366.357, 1937, Oct Average, Malaysia, MYS
362.621, 1937, Nov Average, Malaysia, MYS
365.592, 1937, Dec Average, Malaysia, MYS
240.741, 1938, Jan Average, Malaysia, MYS
145.372, 1938, Feb Average, Malaysia, MYS
387.979, 1938, Mar Average, Malaysia, MYS
314.18, 1938, Apr Average, Malaysia, MYS
296.162, 1938, May Average, Malaysia, MYS
155.947, 1938, Jun Average, Malaysia, MYS
183.194, 1938, Jul Average, Malaysia, MYS
275.714, 1938, Aug Average, Malaysia, MYS
254.313, 1938, Sep Average, Malaysia, MYS
267.304, 1938, Oct Average, Malaysia, MYS
343.867, 1938, Nov Average, Malaysia, MYS
364.362, 1938, Dec Average, Malaysia, MYS
327.172, 1939, Jan Average, Malaysia, MYS
197.39, 1939, Feb Average, Malaysia, MYS
168.922, 1939, Mar Average, Malaysia, MYS
311.196, 1939, Apr Average, Malaysia, MYS
297.229, 1939, May Average, Malaysia, MYS
209.452, 1939, Jun Average, Malaysia, MYS
143.311, 1939, Jul Average, Malaysia, MYS
190.644, 1939, Aug Average, Malaysia, MYS
264.07, 1939, Sep Average, Malaysia, MYS
292.419, 1939, Oct Average, Malaysia, MYS
315.103, 1939, Nov Average, Malaysia, MYS
397.83, 1939, Dec Average, Malaysia, MYS
236.82, 1940, Jan Average, Malaysia, MYS
250.242, 1940, Feb Average, Malaysia, MYS
139.741, 1940, Mar Average, Malaysia, MYS
185.78, 1940, Apr Average, Malaysia, MYS
315.016, 1940, May Average, Malaysia, MYS
203.487, 1940, Jun Average, Malaysia, MYS
132.145, 1940, Jul Average, Malaysia, MYS
262.77, 1940, Aug Average, Malaysia, MYS
231.019, 1940, Sep Average, Malaysia, MYS
212.366, 1940, Oct Average, Malaysia, MYS
316.893, 1940, Nov Average, Malaysia, MYS
277.22, 1940, Dec Average, Malaysia, MYS
178.879, 1941, Jan Average, Malaysia, MYS
154.851, 1941, Feb Average, Malaysia, MYS
225.697, 1941, Mar Average, Malaysia, MYS
242.675, 1941, Apr Average, Malaysia, MYS
238.68, 1941, May Average, Malaysia, MYS
159.089, 1941, Jun Average, Malaysia, MYS
188.912, 1941, Jul Average, Malaysia, MYS
161.075, 1941, Aug Average, Malaysia, MYS
283.888, 1941, Sep Average, Malaysia, MYS
258.22, 1941, Oct Average, Malaysia, MYS
329.783, 1941, Nov Average, Malaysia, MYS
356.884, 1941, Dec Average, Malaysia, MYS
296.7, 1942, Jan Average, Malaysia, MYS
116.994, 1942, Feb Average, Malaysia, MYS
214.45, 1942, Mar Average, Malaysia, MYS
351.176, 1942, Apr Average, Malaysia, MYS
178.645, 1942, May Average, Malaysia, MYS
348.658, 1942, Jun Average, Malaysia, MYS
135.213, 1942, Jul Average, Malaysia, MYS
243.926, 1942, Aug Average, Malaysia, MYS
178.046, 1942, Sep Average, Malaysia, MYS
287.196, 1942, Oct Average, Malaysia, MYS
400.19, 1942, Nov Average, Malaysia, MYS
471.707, 1942, Dec Average, Malaysia, MYS
211.012, 1943, Jan Average, Malaysia, MYS
311.266, 1943, Feb Average, Malaysia, MYS
458.735, 1943, Mar Average, Malaysia, MYS
233.036, 1943, Apr Average, Malaysia, MYS
108.434, 1943, May Average, Malaysia, MYS
83.365, 1943, Jun Average, Malaysia, MYS
83.3548, 1943, Jul Average, Malaysia, MYS
279.012, 1943, Aug Average, Malaysia, MYS
149.954, 1943, Sep Average, Malaysia, MYS
316.566, 1943, Oct Average, Malaysia, MYS
250.12, 1943, Nov Average, Malaysia, MYS
394.525, 1943, Dec Average, Malaysia, MYS
262.679, 1944, Jan Average, Malaysia, MYS
248.626, 1944, Feb Average, Malaysia, MYS
165.654, 1944, Mar Average, Malaysia, MYS
232.166, 1944, Apr Average, Malaysia, MYS
329.507, 1944, May Average, Malaysia, MYS
247.39, 1944, Jun Average, Malaysia, MYS
111.679, 1944, Jul Average, Malaysia, MYS
166.036, 1944, Aug Average, Malaysia, MYS
231.569, 1944, Sep Average, Malaysia, MYS
260.518, 1944, Oct Average, Malaysia, MYS
263.696, 1944, Nov Average, Malaysia, MYS
235.896, 1944, Dec Average, Malaysia, MYS
314.73, 1945, Jan Average, Malaysia, MYS
412.282, 1945, Feb Average, Malaysia, MYS
299.344, 1945, Mar Average, Malaysia, MYS
198.689, 1945, Apr Average, Malaysia, MYS
187.995, 1945, May Average, Malaysia, MYS
209.024, 1945, Jun Average, Malaysia, MYS
165.338, 1945, Jul Average, Malaysia, MYS
348.652, 1945, Aug Average, Malaysia, MYS
253.211, 1945, Sep Average, Malaysia, MYS
484.414, 1945, Oct Average, Malaysia, MYS
355.338, 1945, Nov Average, Malaysia, MYS
385.258, 1945, Dec Average, Malaysia, MYS
319.28, 1946, Jan Average, Malaysia, MYS
246.61, 1946, Feb Average, Malaysia, MYS
183.092, 1946, Mar Average, Malaysia, MYS
211.544, 1946, Apr Average, Malaysia, MYS
223.301, 1946, May Average, Malaysia, MYS
174.384, 1946, Jun Average, Malaysia, MYS
91.5714, 1946, Jul Average, Malaysia, MYS
151.456, 1946, Aug Average, Malaysia, MYS
255.984, 1946, Sep Average, Malaysia, MYS
317.528, 1946, Oct Average, Malaysia, MYS
371.73, 1946, Nov Average, Malaysia, MYS
374.844, 1946, Dec Average, Malaysia, MYS
178.557, 1947, Jan Average, Malaysia, MYS
245.756, 1947, Feb Average, Malaysia, MYS
325.706, 1947, Mar Average, Malaysia, MYS
336.076, 1947, Apr Average, Malaysia, MYS
227.222, 1947, May Average, Malaysia, MYS
265.555, 1947, Jun Average, Malaysia, MYS
162.685, 1947, Jul Average, Malaysia, MYS
319.904, 1947, Aug Average, Malaysia, MYS
266.991, 1947, Sep Average, Malaysia, MYS
279.338, 1947, Oct Average, Malaysia, MYS
240.734, 1947, Nov Average, Malaysia, MYS
414.473, 1947, Dec Average, Malaysia, MYS
241.731, 1948, Jan Average, Malaysia, MYS
267.144, 1948, Feb Average, Malaysia, MYS
263.847, 1948, Mar Average, Malaysia, MYS
172.614, 1948, Apr Average, Malaysia, MYS
251.854, 1948, May Average, Malaysia, MYS
140.867, 1948, Jun Average, Malaysia, MYS
236.713, 1948, Jul Average, Malaysia, MYS
205.322, 1948, Aug Average, Malaysia, MYS
236.137, 1948, Sep Average, Malaysia, MYS
315.781, 1948, Oct Average, Malaysia, MYS
352.015, 1948, Nov Average, Malaysia, MYS
226.048, 1948, Dec Average, Malaysia, MYS
170.731, 1949, Jan Average, Malaysia, MYS
223.045, 1949, Feb Average, Malaysia, MYS
180.771, 1949, Mar Average, Malaysia, MYS
321.766, 1949, Apr Average, Malaysia, MYS
296.968, 1949, May Average, Malaysia, MYS
256.339, 1949, Jun Average, Malaysia, MYS
245.928, 1949, Jul Average, Malaysia, MYS
277.291, 1949, Aug Average, Malaysia, MYS
302.85, 1949, Sep Average, Malaysia, MYS
372.985, 1949, Oct Average, Malaysia, MYS
299.831, 1949, Nov Average, Malaysia, MYS
364.368, 1949, Dec Average, Malaysia, MYS
252.753, 1950, Jan Average, Malaysia, MYS
247.976, 1950, Feb Average, Malaysia, MYS
230.61, 1950, Mar Average, Malaysia, MYS
321.148, 1950, Apr Average, Malaysia, MYS
261.617, 1950, May Average, Malaysia, MYS
168.296, 1950, Jun Average, Malaysia, MYS
150.907, 1950, Jul Average, Malaysia, MYS
286.118, 1950, Aug Average, Malaysia, MYS
236.574, 1950, Sep Average, Malaysia, MYS
280.943, 1950, Oct Average, Malaysia, MYS
326.121, 1950, Nov Average, Malaysia, MYS
285.023, 1950, Dec Average, Malaysia, MYS
323.264, 1951, Jan Average, Malaysia, MYS
333.428, 1951, Feb Average, Malaysia, MYS
173.646, 1951, Mar Average, Malaysia, MYS
248.747, 1951, Apr Average, Malaysia, MYS
270.389, 1951, May Average, Malaysia, MYS
182.692, 1951, Jun Average, Malaysia, MYS
217.011, 1951, Jul Average, Malaysia, MYS
182.909, 1951, Aug Average, Malaysia, MYS
290.543, 1951, Sep Average, Malaysia, MYS
246.108, 1951, Oct Average, Malaysia, MYS
292.175, 1951, Nov Average, Malaysia, MYS
322.188, 1951, Dec Average, Malaysia, MYS
203.34, 1952, Jan Average, Malaysia, MYS
263, 1952, Feb Average, Malaysia, MYS
295.457, 1952, Mar Average, Malaysia, MYS
264.664, 1952, Apr Average, Malaysia, MYS
254.833, 1952, May Average, Malaysia, MYS
193.73, 1952, Jun Average, Malaysia, MYS
173.485, 1952, Jul Average, Malaysia, MYS
223.525, 1952, Aug Average, Malaysia, MYS
301.711, 1952, Sep Average, Malaysia, MYS
295.051, 1952, Oct Average, Malaysia, MYS
354.039, 1952, Nov Average, Malaysia, MYS
389.899, 1952, Dec Average, Malaysia, MYS
302.531, 1953, Jan Average, Malaysia, MYS
267.893, 1953, Feb Average, Malaysia, MYS
223.339, 1953, Mar Average, Malaysia, MYS
252.65, 1953, Apr Average, Malaysia, MYS
280.637, 1953, May Average, Malaysia, MYS
218.015, 1953, Jun Average, Malaysia, MYS
269.634, 1953, Jul Average, Malaysia, MYS
138.614, 1953, Aug Average, Malaysia, MYS
271.879, 1953, Sep Average, Malaysia, MYS
279.027, 1953, Oct Average, Malaysia, MYS
279.636, 1953, Nov Average, Malaysia, MYS
290.505, 1953, Dec Average, Malaysia, MYS
271.66, 1954, Jan Average, Malaysia, MYS
184.516, 1954, Feb Average, Malaysia, MYS
289.494, 1954, Mar Average, Malaysia, MYS
309.017, 1954, Apr Average, Malaysia, MYS
242.103, 1954, May Average, Malaysia, MYS
264.996, 1954, Jun Average, Malaysia, MYS
237.733, 1954, Jul Average, Malaysia, MYS
260.374, 1954, Aug Average, Malaysia, MYS
282.969, 1954, Sep Average, Malaysia, MYS
383.539, 1954, Oct Average, Malaysia, MYS
289.163, 1954, Nov Average, Malaysia, MYS
371.184, 1954, Dec Average, Malaysia, MYS
299.307, 1955, Jan Average, Malaysia, MYS
237.592, 1955, Feb Average, Malaysia, MYS
155.517, 1955, Mar Average, Malaysia, MYS
251.846, 1955, Apr Average, Malaysia, MYS
199.581, 1955, May Average, Malaysia, MYS
218.951, 1955, Jun Average, Malaysia, MYS
182.432, 1955, Jul Average, Malaysia, MYS
302.538, 1955, Aug Average, Malaysia, MYS
310.137, 1955, Sep Average, Malaysia, MYS
325.978, 1955, Oct Average, Malaysia, MYS
332.768, 1955, Nov Average, Malaysia, MYS
338.784, 1955, Dec Average, Malaysia, MYS
307.772, 1956, Jan Average, Malaysia, MYS
229.255, 1956, Feb Average, Malaysia, MYS
233.119, 1956, Mar Average, Malaysia, MYS
214.865, 1956, Apr Average, Malaysia, MYS
256.071, 1956, May Average, Malaysia, MYS
221.358, 1956, Jun Average, Malaysia, MYS
208.342, 1956, Jul Average, Malaysia, MYS
195.006, 1956, Aug Average, Malaysia, MYS
282.183, 1956, Sep Average, Malaysia, MYS
353.966, 1956, Oct Average, Malaysia, MYS
417.819, 1956, Nov Average, Malaysia, MYS
380.736, 1956, Dec Average, Malaysia, MYS
207.016, 1957, Jan Average, Malaysia, MYS
167.118, 1957, Feb Average, Malaysia, MYS
223.572, 1957, Mar Average, Malaysia, MYS
183.859, 1957, Apr Average, Malaysia, MYS
267.045, 1957, May Average, Malaysia, MYS
227.432, 1957, Jun Average, Malaysia, MYS
256.099, 1957, Jul Average, Malaysia, MYS
163.339, 1957, Aug Average, Malaysia, MYS
278.556, 1957, Sep Average, Malaysia, MYS
274.666, 1957, Oct Average, Malaysia, MYS
276.64, 1957, Nov Average, Malaysia, MYS
361.509, 1957, Dec Average, Malaysia, MYS
233.635, 1958, Jan Average, Malaysia, MYS
119.38, 1958, Feb Average, Malaysia, MYS
193.543, 1958, Mar Average, Malaysia, MYS
131.447, 1958, Apr Average, Malaysia, MYS
264.91, 1958, May Average, Malaysia, MYS
218.834, 1958, Jun Average, Malaysia, MYS
75.1237, 1958, Jul Average, Malaysia, MYS
330.967, 1958, Aug Average, Malaysia, MYS
192.584, 1958, Sep Average, Malaysia, MYS
392.661, 1958, Oct Average, Malaysia, MYS
362.519, 1958, Nov Average, Malaysia, MYS
218.163, 1958, Dec Average, Malaysia, MYS
137.23, 1959, Jan Average, Malaysia, MYS
131.326, 1959, Feb Average, Malaysia, MYS
281.665, 1959, Mar Average, Malaysia, MYS
229.613, 1959, Apr Average, Malaysia, MYS
336.276, 1959, May Average, Malaysia, MYS
270.633, 1959, Jun Average, Malaysia, MYS
184.197, 1959, Jul Average, Malaysia, MYS
213.847, 1959, Aug Average, Malaysia, MYS
284.349, 1959, Sep Average, Malaysia, MYS
385.853, 1959, Oct Average, Malaysia, MYS
342.546, 1959, Nov Average, Malaysia, MYS
339.734, 1959, Dec Average, Malaysia, MYS
250.096, 1960, Jan Average, Malaysia, MYS
245.009, 1960, Feb Average, Malaysia, MYS
165.585, 1960, Mar Average, Malaysia, MYS
243.002, 1960, Apr Average, Malaysia, MYS
233.408, 1960, May Average, Malaysia, MYS
206.736, 1960, Jun Average, Malaysia, MYS
252.907, 1960, Jul Average, Malaysia, MYS
147.399, 1960, Aug Average, Malaysia, MYS
292.664, 1960, Sep Average, Malaysia, MYS
229.285, 1960, Oct Average, Malaysia, MYS
367.878, 1960, Nov Average, Malaysia, MYS
358.364, 1960, Dec Average, Malaysia, MYS
200.771, 1961, Jan Average, Malaysia, MYS
235.398, 1961, Feb Average, Malaysia, MYS
233.18, 1961, Mar Average, Malaysia, MYS
283.047, 1961, Apr Average, Malaysia, MYS
175.59, 1961, May Average, Malaysia, MYS
200.663, 1961, Jun Average, Malaysia, MYS
170.485, 1961, Jul Average, Malaysia, MYS
171.524, 1961, Aug Average, Malaysia, MYS
222.677, 1961, Sep Average, Malaysia, MYS
263.151, 1961, Oct Average, Malaysia, MYS
266.504, 1961, Nov Average, Malaysia, MYS
407.138, 1961, Dec Average, Malaysia, MYS
343.416, 1962, Jan Average, Malaysia, MYS
131.741, 1962, Feb Average, Malaysia, MYS
341.493, 1962, Mar Average, Malaysia, MYS
220.161, 1962, Apr Average, Malaysia, MYS
231.348, 1962, May Average, Malaysia, MYS
229.683, 1962, Jun Average, Malaysia, MYS
131.468, 1962, Jul Average, Malaysia, MYS
320.2, 1962, Aug Average, Malaysia, MYS
247.021, 1962, Sep Average, Malaysia, MYS
273.382, 1962, Oct Average, Malaysia, MYS
340.007, 1962, Nov Average, Malaysia, MYS
366.036, 1962, Dec Average, Malaysia, MYS
490.279, 1963, Jan Average, Malaysia, MYS
212.012, 1963, Feb Average, Malaysia, MYS
192.903, 1963, Mar Average, Malaysia, MYS
79.8811, 1963, Apr Average, Malaysia, MYS
265.052, 1963, May Average, Malaysia, MYS
153.288, 1963, Jun Average, Malaysia, MYS
175.84, 1963, Jul Average, Malaysia, MYS
196.79, 1963, Aug Average, Malaysia, MYS
204.608, 1963, Sep Average, Malaysia, MYS
264.874, 1963, Oct Average, Malaysia, MYS
316.359, 1963, Nov Average, Malaysia, MYS
297.17, 1963, Dec Average, Malaysia, MYS
188.591, 1964, Jan Average, Malaysia, MYS
233.12, 1964, Feb Average, Malaysia, MYS
168.431, 1964, Mar Average, Malaysia, MYS
272.889, 1964, Apr Average, Malaysia, MYS
243.335, 1964, May Average, Malaysia, MYS
188.667, 1964, Jun Average, Malaysia, MYS
304.495, 1964, Jul Average, Malaysia, MYS
164.977, 1964, Aug Average, Malaysia, MYS
234.733, 1964, Sep Average, Malaysia, MYS
269.508, 1964, Oct Average, Malaysia, MYS
338.731, 1964, Nov Average, Malaysia, MYS
298.921, 1964, Dec Average, Malaysia, MYS
225.287, 1965, Jan Average, Malaysia, MYS
209.955, 1965, Feb Average, Malaysia, MYS
279.165, 1965, Mar Average, Malaysia, MYS
250.613, 1965, Apr Average, Malaysia, MYS
281.422, 1965, May Average, Malaysia, MYS
149.524, 1965, Jun Average, Malaysia, MYS
128.733, 1965, Jul Average, Malaysia, MYS
220.45, 1965, Aug Average, Malaysia, MYS
214.063, 1965, Sep Average, Malaysia, MYS
333.645, 1965, Oct Average, Malaysia, MYS
373.468, 1965, Nov Average, Malaysia, MYS
365.953, 1965, Dec Average, Malaysia, MYS
286.466, 1966, Jan Average, Malaysia, MYS
199.302, 1966, Feb Average, Malaysia, MYS
273.267, 1966, Mar Average, Malaysia, MYS
282.054, 1966, Apr Average, Malaysia, MYS
196.142, 1966, May Average, Malaysia, MYS
266.811, 1966, Jun Average, Malaysia, MYS
206.907, 1966, Jul Average, Malaysia, MYS
298.089, 1966, Aug Average, Malaysia, MYS
222.425, 1966, Sep Average, Malaysia, MYS
351.463, 1966, Oct Average, Malaysia, MYS
376.88, 1966, Nov Average, Malaysia, MYS
389.673, 1966, Dec Average, Malaysia, MYS
412.126, 1967, Jan Average, Malaysia, MYS
251.44, 1967, Feb Average, Malaysia, MYS
238.564, 1967, Mar Average, Malaysia, MYS
209.668, 1967, Apr Average, Malaysia, MYS
276.109, 1967, May Average, Malaysia, MYS
226.726, 1967, Jun Average, Malaysia, MYS
170.293, 1967, Jul Average, Malaysia, MYS
163.739, 1967, Aug Average, Malaysia, MYS
197.073, 1967, Sep Average, Malaysia, MYS
254.904, 1967, Oct Average, Malaysia, MYS
383.851, 1967, Nov Average, Malaysia, MYS
290.487, 1967, Dec Average, Malaysia, MYS
215.388, 1968, Jan Average, Malaysia, MYS
88.2298, 1968, Feb Average, Malaysia, MYS
213.514, 1968, Mar Average, Malaysia, MYS
189.702, 1968, Apr Average, Malaysia, MYS
286.101, 1968, May Average, Malaysia, MYS
219.235, 1968, Jun Average, Malaysia, MYS
203.718, 1968, Jul Average, Malaysia, MYS
211.938, 1968, Aug Average, Malaysia, MYS
204.093, 1968, Sep Average, Malaysia, MYS
371.938, 1968, Oct Average, Malaysia, MYS
259.205, 1968, Nov Average, Malaysia, MYS
397.072, 1968, Dec Average, Malaysia, MYS
169.821, 1969, Jan Average, Malaysia, MYS
120.952, 1969, Feb Average, Malaysia, MYS
189.486, 1969, Mar Average, Malaysia, MYS
187.29, 1969, Apr Average, Malaysia, MYS
302.929, 1969, May Average, Malaysia, MYS
210.932, 1969, Jun Average, Malaysia, MYS
169.224, 1969, Jul Average, Malaysia, MYS
308.11, 1969, Aug Average, Malaysia, MYS
203.05, 1969, Sep Average, Malaysia, MYS
373.087, 1969, Oct Average, Malaysia, MYS
374.635, 1969, Nov Average, Malaysia, MYS
398.259, 1969, Dec Average, Malaysia, MYS
288.677, 1970, Jan Average, Malaysia, MYS
104.75, 1970, Feb Average, Malaysia, MYS
198.739, 1970, Mar Average, Malaysia, MYS
290.34, 1970, Apr Average, Malaysia, MYS
298.1, 1970, May Average, Malaysia, MYS
207.827, 1970, Jun Average, Malaysia, MYS
193.449, 1970, Jul Average, Malaysia, MYS
233.153, 1970, Aug Average, Malaysia, MYS
287.574, 1970, Sep Average, Malaysia, MYS
318.54, 1970, Oct Average, Malaysia, MYS
310.562, 1970, Nov Average, Malaysia, MYS
389.339, 1970, Dec Average, Malaysia, MYS
332.482, 1971, Jan Average, Malaysia, MYS
317.642, 1971, Feb Average, Malaysia, MYS
171.603, 1971, Mar Average, Malaysia, MYS
136.373, 1971, Apr Average, Malaysia, MYS
212.185, 1971, May Average, Malaysia, MYS
159.42, 1971, Jun Average, Malaysia, MYS
141.316, 1971, Jul Average, Malaysia, MYS
315.056, 1971, Aug Average, Malaysia, MYS
226.86, 1971, Sep Average, Malaysia, MYS
277.584, 1971, Oct Average, Malaysia, MYS
355.997, 1971, Nov Average, Malaysia, MYS
440.094, 1971, Dec Average, Malaysia, MYS
246.683, 1972, Jan Average, Malaysia, MYS
187.829, 1972, Feb Average, Malaysia, MYS
133.545, 1972, Mar Average, Malaysia, MYS
243.206, 1972, Apr Average, Malaysia, MYS
164.498, 1972, May Average, Malaysia, MYS
181.429, 1972, Jun Average, Malaysia, MYS
121.722, 1972, Jul Average, Malaysia, MYS
165.16, 1972, Aug Average, Malaysia, MYS
276.616, 1972, Sep Average, Malaysia, MYS
218, 1972, Oct Average, Malaysia, MYS
327.047, 1972, Nov Average, Malaysia, MYS
268.753, 1972, Dec Average, Malaysia, MYS
125.603, 1973, Jan Average, Malaysia, MYS
104.57, 1973, Feb Average, Malaysia, MYS
213.208, 1973, Mar Average, Malaysia, MYS
334.867, 1973, Apr Average, Malaysia, MYS
302.792, 1973, May Average, Malaysia, MYS
243.625, 1973, Jun Average, Malaysia, MYS
198.214, 1973, Jul Average, Malaysia, MYS
244.556, 1973, Aug Average, Malaysia, MYS
294.961, 1973, Sep Average, Malaysia, MYS
318.782, 1973, Oct Average, Malaysia, MYS
475.631, 1973, Nov Average, Malaysia, MYS
418.195, 1973, Dec Average, Malaysia, MYS
183.766, 1974, Jan Average, Malaysia, MYS
317.862, 1974, Feb Average, Malaysia, MYS
164.497, 1974, Mar Average, Malaysia, MYS
249.229, 1974, Apr Average, Malaysia, MYS
221.095, 1974, May Average, Malaysia, MYS
213.94, 1974, Jun Average, Malaysia, MYS
174.451, 1974, Jul Average, Malaysia, MYS
169.282, 1974, Aug Average, Malaysia, MYS
347.809, 1974, Sep Average, Malaysia, MYS
262.823, 1974, Oct Average, Malaysia, MYS
279.11, 1974, Nov Average, Malaysia, MYS
297.112, 1974, Dec Average, Malaysia, MYS
293.307, 1975, Jan Average, Malaysia, MYS
227.443, 1975, Feb Average, Malaysia, MYS
232.357, 1975, Mar Average, Malaysia, MYS
191.401, 1975, Apr Average, Malaysia, MYS
222.991, 1975, May Average, Malaysia, MYS
184.801, 1975, Jun Average, Malaysia, MYS
241.213, 1975, Jul Average, Malaysia, MYS
213.711, 1975, Aug Average, Malaysia, MYS
317.393, 1975, Sep Average, Malaysia, MYS
248.541, 1975, Oct Average, Malaysia, MYS
344.187, 1975, Nov Average, Malaysia, MYS
422.199, 1975, Dec Average, Malaysia, MYS
278.711, 1976, Jan Average, Malaysia, MYS
143.546, 1976, Feb Average, Malaysia, MYS
200.946, 1976, Mar Average, Malaysia, MYS
202.306, 1976, Apr Average, Malaysia, MYS
203.382, 1976, May Average, Malaysia, MYS
184.692, 1976, Jun Average, Malaysia, MYS
161.605, 1976, Jul Average, Malaysia, MYS
240.665, 1976, Aug Average, Malaysia, MYS
161.445, 1976, Sep Average, Malaysia, MYS
356.562, 1976, Oct Average, Malaysia, MYS
273.884, 1976, Nov Average, Malaysia, MYS
316.684, 1976, Dec Average, Malaysia, MYS
321.306, 1977, Jan Average, Malaysia, MYS
358.455, 1977, Feb Average, Malaysia, MYS
204.362, 1977, Mar Average, Malaysia, MYS
147.214, 1977, Apr Average, Malaysia, MYS
185.553, 1977, May Average, Malaysia, MYS
204.73, 1977, Jun Average, Malaysia, MYS
177.94, 1977, Jul Average, Malaysia, MYS
231.684, 1977, Aug Average, Malaysia, MYS
173.899, 1977, Sep Average, Malaysia, MYS
325.252, 1977, Oct Average, Malaysia, MYS
310.44, 1977, Nov Average, Malaysia, MYS
265.778, 1977, Dec Average, Malaysia, MYS
218.488, 1978, Jan Average, Malaysia, MYS
113.935, 1978, Feb Average, Malaysia, MYS
219.949, 1978, Mar Average, Malaysia, MYS
186.421, 1978, Apr Average, Malaysia, MYS
297.528, 1978, May Average, Malaysia, MYS
184.568, 1978, Jun Average, Malaysia, MYS
181.063, 1978, Jul Average, Malaysia, MYS
150.42, 1978, Aug Average, Malaysia, MYS
224.754, 1978, Sep Average, Malaysia, MYS
266.945, 1978, Oct Average, Malaysia, MYS
299.57, 1978, Nov Average, Malaysia, MYS
313.052, 1978, Dec Average, Malaysia, MYS
118.783, 1979, Jan Average, Malaysia, MYS
171.746, 1979, Feb Average, Malaysia, MYS
182.129, 1979, Mar Average, Malaysia, MYS
278.503, 1979, Apr Average, Malaysia, MYS
155.049, 1979, May Average, Malaysia, MYS
354.539, 1979, Jun Average, Malaysia, MYS
238.29, 1979, Jul Average, Malaysia, MYS
157.783, 1979, Aug Average, Malaysia, MYS
319.557, 1979, Sep Average, Malaysia, MYS
330.577, 1979, Oct Average, Malaysia, MYS
383.557, 1979, Nov Average, Malaysia, MYS
207.429, 1979, Dec Average, Malaysia, MYS
296.72, 1980, Jan Average, Malaysia, MYS
140.254, 1980, Feb Average, Malaysia, MYS
146.815, 1980, Mar Average, Malaysia, MYS
247.623, 1980, Apr Average, Malaysia, MYS
242.319, 1980, May Average, Malaysia, MYS
234.27, 1980, Jun Average, Malaysia, MYS
208.237, 1980, Jul Average, Malaysia, MYS
311.815, 1980, Aug Average, Malaysia, MYS
239.203, 1980, Sep Average, Malaysia, MYS
312.761, 1980, Oct Average, Malaysia, MYS
389.489, 1980, Nov Average, Malaysia, MYS
388.79, 1980, Dec Average, Malaysia, MYS
347.045, 1981, Jan Average, Malaysia, MYS
233.447, 1981, Feb Average, Malaysia, MYS
179.626, 1981, Mar Average, Malaysia, MYS
264.386, 1981, Apr Average, Malaysia, MYS
274.307, 1981, May Average, Malaysia, MYS
160.311, 1981, Jun Average, Malaysia, MYS
211.455, 1981, Jul Average, Malaysia, MYS
94.0912, 1981, Aug Average, Malaysia, MYS
325.54, 1981, Sep Average, Malaysia, MYS
272.879, 1981, Oct Average, Malaysia, MYS
363.921, 1981, Nov Average, Malaysia, MYS
271.859, 1981, Dec Average, Malaysia, MYS
221.077, 1982, Jan Average, Malaysia, MYS
149.709, 1982, Feb Average, Malaysia, MYS
197.144, 1982, Mar Average, Malaysia, MYS
308.353, 1982, Apr Average, Malaysia, MYS
282.198, 1982, May Average, Malaysia, MYS
140.818, 1982, Jun Average, Malaysia, MYS
145.575, 1982, Jul Average, Malaysia, MYS
179.615, 1982, Aug Average, Malaysia, MYS
175.496, 1982, Sep Average, Malaysia, MYS
239.715, 1982, Oct Average, Malaysia, MYS
269.717, 1982, Nov Average, Malaysia, MYS
314.449, 1982, Dec Average, Malaysia, MYS
189.882, 1983, Jan Average, Malaysia, MYS
73.7258, 1983, Feb Average, Malaysia, MYS
85.496, 1983, Mar Average, Malaysia, MYS
147.885, 1983, Apr Average, Malaysia, MYS
250.231, 1983, May Average, Malaysia, MYS
201.213, 1983, Jun Average, Malaysia, MYS
214.132, 1983, Jul Average, Malaysia, MYS
266.698, 1983, Aug Average, Malaysia, MYS
392.183, 1983, Sep Average, Malaysia, MYS
219.925, 1983, Oct Average, Malaysia, MYS
392.478, 1983, Nov Average, Malaysia, MYS
376.555, 1983, Dec Average, Malaysia, MYS
362.702, 1984, Jan Average, Malaysia, MYS
340.417, 1984, Feb Average, Malaysia, MYS
244.775, 1984, Mar Average, Malaysia, MYS
287.007, 1984, Apr Average, Malaysia, MYS
344.979, 1984, May Average, Malaysia, MYS
194.394, 1984, Jun Average, Malaysia, MYS
315.405, 1984, Jul Average, Malaysia, MYS
150.466, 1984, Aug Average, Malaysia, MYS
240.048, 1984, Sep Average, Malaysia, MYS
281.598, 1984, Oct Average, Malaysia, MYS
301.145, 1984, Nov Average, Malaysia, MYS
374.157, 1984, Dec Average, Malaysia, MYS
174.488, 1985, Jan Average, Malaysia, MYS
211.11, 1985, Feb Average, Malaysia, MYS
325.571, 1985, Mar Average, Malaysia, MYS
248.307, 1985, Apr Average, Malaysia, MYS
267.41, 1985, May Average, Malaysia, MYS
84.5662, 1985, Jun Average, Malaysia, MYS
197.02, 1985, Jul Average, Malaysia, MYS
197.131, 1985, Aug Average, Malaysia, MYS
240.742, 1985, Sep Average, Malaysia, MYS
300.029, 1985, Oct Average, Malaysia, MYS
370.888, 1985, Nov Average, Malaysia, MYS
331.89, 1985, Dec Average, Malaysia, MYS
328.546, 1986, Jan Average, Malaysia, MYS
169.055, 1986, Feb Average, Malaysia, MYS
255.378, 1986, Mar Average, Malaysia, MYS
229.079, 1986, Apr Average, Malaysia, MYS
178.621, 1986, May Average, Malaysia, MYS
201.543, 1986, Jun Average, Malaysia, MYS
168.216, 1986, Jul Average, Malaysia, MYS
183.078, 1986, Aug Average, Malaysia, MYS
264.71, 1986, Sep Average, Malaysia, MYS
378.628, 1986, Oct Average, Malaysia, MYS
321.798, 1986, Nov Average, Malaysia, MYS
210.874, 1986, Dec Average, Malaysia, MYS
189.092, 1987, Jan Average, Malaysia, MYS
68.2868, 1987, Feb Average, Malaysia, MYS
141.045, 1987, Mar Average, Malaysia, MYS
160.862, 1987, Apr Average, Malaysia, MYS
243.056, 1987, May Average, Malaysia, MYS
222.127, 1987, Jun Average, Malaysia, MYS
165.15, 1987, Jul Average, Malaysia, MYS
282.382, 1987, Aug Average, Malaysia, MYS
243.311, 1987, Sep Average, Malaysia, MYS
286.281, 1987, Oct Average, Malaysia, MYS
344.604, 1987, Nov Average, Malaysia, MYS
400.904, 1987, Dec Average, Malaysia, MYS
237.76, 1988, Jan Average, Malaysia, MYS
241.473, 1988, Feb Average, Malaysia, MYS
304.516, 1988, Mar Average, Malaysia, MYS
239.476, 1988, Apr Average, Malaysia, MYS
280.336, 1988, May Average, Malaysia, MYS
186.154, 1988, Jun Average, Malaysia, MYS
240.126, 1988, Jul Average, Malaysia, MYS
379.123, 1988, Aug Average, Malaysia, MYS
297.676, 1988, Sep Average, Malaysia, MYS
272.461, 1988, Oct Average, Malaysia, MYS
444.971, 1988, Nov Average, Malaysia, MYS
313.813, 1988, Dec Average, Malaysia, MYS
257.178, 1989, Jan Average, Malaysia, MYS
199.806, 1989, Feb Average, Malaysia, MYS
207.839, 1989, Mar Average, Malaysia, MYS
236.057, 1989, Apr Average, Malaysia, MYS
222.924, 1989, May Average, Malaysia, MYS
176.693, 1989, Jun Average, Malaysia, MYS
194.654, 1989, Jul Average, Malaysia, MYS
210.683, 1989, Aug Average, Malaysia, MYS
266.513, 1989, Sep Average, Malaysia, MYS
323.881, 1989, Oct Average, Malaysia, MYS
286.667, 1989, Nov Average, Malaysia, MYS
216.349, 1989, Dec Average, Malaysia, MYS
228.699, 1990, Jan Average, Malaysia, MYS
110.815, 1990, Feb Average, Malaysia, MYS
153.422, 1990, Mar Average, Malaysia, MYS
238.531, 1990, Apr Average, Malaysia, MYS
236.128, 1990, May Average, Malaysia, MYS
164.952, 1990, Jun Average, Malaysia, MYS
180.85, 1990, Jul Average, Malaysia, MYS
113.359, 1990, Aug Average, Malaysia, MYS
263.443, 1990, Sep Average, Malaysia, MYS
282.698, 1990, Oct Average, Malaysia, MYS
268.542, 1990, Nov Average, Malaysia, MYS
256.824, 1990, Dec Average, Malaysia, MYS
198.106, 1991, Jan Average, Malaysia, MYS
133.778, 1991, Feb Average, Malaysia, MYS
155.487, 1991, Mar Average, Malaysia, MYS
272.585, 1991, Apr Average, Malaysia, MYS
302.467, 1991, May Average, Malaysia, MYS
202.035, 1991, Jun Average, Malaysia, MYS
130.222, 1991, Jul Average, Malaysia, MYS
177.639, 1991, Aug Average, Malaysia, MYS
208.223, 1991, Sep Average, Malaysia, MYS
234.365, 1991, Oct Average, Malaysia, MYS
331.299, 1991, Nov Average, Malaysia, MYS
386.317, 1991, Dec Average, Malaysia, MYS
130.485, 1992, Jan Average, Malaysia, MYS
113.444, 1992, Feb Average, Malaysia, MYS
124.656, 1992, Mar Average, Malaysia, MYS
150.31, 1992, Apr Average, Malaysia, MYS
281.531, 1992, May Average, Malaysia, MYS
194.017, 1992, Jun Average, Malaysia, MYS
176.829, 1992, Jul Average, Malaysia, MYS
188.302, 1992, Aug Average, Malaysia, MYS
221.135, 1992, Sep Average, Malaysia, MYS
288.58, 1992, Oct Average, Malaysia, MYS
313.021, 1992, Nov Average, Malaysia, MYS
327.845, 1992, Dec Average, Malaysia, MYS
188.285, 1993, Jan Average, Malaysia, MYS
115.768, 1993, Feb Average, Malaysia, MYS
254.767, 1993, Mar Average, Malaysia, MYS
195.237, 1993, Apr Average, Malaysia, MYS
278.587, 1993, May Average, Malaysia, MYS
149.336, 1993, Jun Average, Malaysia, MYS
241.814, 1993, Jul Average, Malaysia, MYS
200.485, 1993, Aug Average, Malaysia, MYS
229.465, 1993, Sep Average, Malaysia, MYS
328.66, 1993, Oct Average, Malaysia, MYS
338.192, 1993, Nov Average, Malaysia, MYS
421.343, 1993, Dec Average, Malaysia, MYS
226.965, 1994, Jan Average, Malaysia, MYS
216.897, 1994, Feb Average, Malaysia, MYS
395.981, 1994, Mar Average, Malaysia, MYS
227.759, 1994, Apr Average, Malaysia, MYS
295.094, 1994, May Average, Malaysia, MYS
247.672, 1994, Jun Average, Malaysia, MYS
112.747, 1994, Jul Average, Malaysia, MYS
282.539, 1994, Aug Average, Malaysia, MYS
167.875, 1994, Sep Average, Malaysia, MYS
311.585, 1994, Oct Average, Malaysia, MYS
310.264, 1994, Nov Average, Malaysia, MYS
311.93, 1994, Dec Average, Malaysia, MYS
206.182, 1995, Jan Average, Malaysia, MYS
226.475, 1995, Feb Average, Malaysia, MYS
242.272, 1995, Mar Average, Malaysia, MYS
238.627, 1995, Apr Average, Malaysia, MYS
245.818, 1995, May Average, Malaysia, MYS
214.507, 1995, Jun Average, Malaysia, MYS
254.017, 1995, Jul Average, Malaysia, MYS
364.933, 1995, Aug Average, Malaysia, MYS
249.552, 1995, Sep Average, Malaysia, MYS
347.298, 1995, Oct Average, Malaysia, MYS
362.103, 1995, Nov Average, Malaysia, MYS
417.735, 1995, Dec Average, Malaysia, MYS
347.517, 1996, Jan Average, Malaysia, MYS
275.849, 1996, Feb Average, Malaysia, MYS
193.019, 1996, Mar Average, Malaysia, MYS
286.215, 1996, Apr Average, Malaysia, MYS
191.932, 1996, May Average, Malaysia, MYS
244.417, 1996, Jun Average, Malaysia, MYS
164.989, 1996, Jul Average, Malaysia, MYS
298.325, 1996, Aug Average, Malaysia, MYS
237.188, 1996, Sep Average, Malaysia, MYS
348.219, 1996, Oct Average, Malaysia, MYS
333.998, 1996, Nov Average, Malaysia, MYS
403.98, 1996, Dec Average, Malaysia, MYS
158.542, 1997, Jan Average, Malaysia, MYS
353.469, 1997, Feb Average, Malaysia, MYS
115.437, 1997, Mar Average, Malaysia, MYS
239.435, 1997, Apr Average, Malaysia, MYS
208.327, 1997, May Average, Malaysia, MYS
139.959, 1997, Jun Average, Malaysia, MYS
215.074, 1997, Jul Average, Malaysia, MYS
130.827, 1997, Aug Average, Malaysia, MYS
165.586, 1997, Sep Average, Malaysia, MYS
243.509, 1997, Oct Average, Malaysia, MYS
314.525, 1997, Nov Average, Malaysia, MYS
288.949, 1997, Dec Average, Malaysia, MYS
147.801, 1998, Jan Average, Malaysia, MYS
68.5507, 1998, Feb Average, Malaysia, MYS
95.9065, 1998, Mar Average, Malaysia, MYS
168.914, 1998, Apr Average, Malaysia, MYS
218.539, 1998, May Average, Malaysia, MYS
219.753, 1998, Jun Average, Malaysia, MYS
241.979, 1998, Jul Average, Malaysia, MYS
365.376, 1998, Aug Average, Malaysia, MYS
242.84, 1998, Sep Average, Malaysia, MYS
319.015, 1998, Oct Average, Malaysia, MYS
358.054, 1998, Nov Average, Malaysia, MYS
373.109, 1998, Dec Average, Malaysia, MYS
348.858, 1999, Jan Average, Malaysia, MYS
295.424, 1999, Feb Average, Malaysia, MYS
323.228, 1999, Mar Average, Malaysia, MYS
232.222, 1999, Apr Average, Malaysia, MYS
271.779, 1999, May Average, Malaysia, MYS
177.662, 1999, Jun Average, Malaysia, MYS
151.088, 1999, Jul Average, Malaysia, MYS
253.719, 1999, Aug Average, Malaysia, MYS
262.061, 1999, Sep Average, Malaysia, MYS
408.117, 1999, Oct Average, Malaysia, MYS
415.012, 1999, Nov Average, Malaysia, MYS
423.166, 1999, Dec Average, Malaysia, MYS
317.553, 2000, Jan Average, Malaysia, MYS
338.987, 2000, Feb Average, Malaysia, MYS
307.803, 2000, Mar Average, Malaysia, MYS
330.769, 2000, Apr Average, Malaysia, MYS
195.513, 2000, May Average, Malaysia, MYS
261.186, 2000, Jun Average, Malaysia, MYS
124.396, 2000, Jul Average, Malaysia, MYS
217.356, 2000, Aug Average, Malaysia, MYS
277.71, 2000, Sep Average, Malaysia, MYS
350.103, 2000, Oct Average, Malaysia, MYS
310.246, 2000, Nov Average, Malaysia, MYS
350.8, 2000, Dec Average, Malaysia, MYS
409.965, 2001, Jan Average, Malaysia, MYS
237.83, 2001, Feb Average, Malaysia, MYS
299.11, 2001, Mar Average, Malaysia, MYS
288.661, 2001, Apr Average, Malaysia, MYS
147.797, 2001, May Average, Malaysia, MYS
177.844, 2001, Jun Average, Malaysia, MYS
149.683, 2001, Jul Average, Malaysia, MYS
163.91, 2001, Aug Average, Malaysia, MYS
267.917, 2001, Sep Average, Malaysia, MYS
333.681, 2001, Oct Average, Malaysia, MYS
338.415, 2001, Nov Average, Malaysia, MYS
283.056, 2001, Dec Average, Malaysia, MYS
200.65, 2002, Jan Average, Malaysia, MYS
115.621, 2002, Feb Average, Malaysia, MYS
211.214, 2002, Mar Average, Malaysia, MYS
267.345, 2002, Apr Average, Malaysia, MYS
204.472, 2002, May Average, Malaysia, MYS
192.314, 2002, Jun Average, Malaysia, MYS
157.573, 2002, Jul Average, Malaysia, MYS
235.486, 2002, Aug Average, Malaysia, MYS
253.372, 2002, Sep Average, Malaysia, MYS
246.403, 2002, Oct Average, Malaysia, MYS
344.733, 2002, Nov Average, Malaysia, MYS
311.136, 2002, Dec Average, Malaysia, MYS
311.267, 2003, Jan Average, Malaysia, MYS
162.549, 2003, Feb Average, Malaysia, MYS
285.342, 2003, Mar Average, Malaysia, MYS
243.859, 2003, Apr Average, Malaysia, MYS
220.125, 2003, May Average, Malaysia, MYS
212.808, 2003, Jun Average, Malaysia, MYS
234.296, 2003, Jul Average, Malaysia, MYS
228.135, 2003, Aug Average, Malaysia, MYS
213.117, 2003, Sep Average, Malaysia, MYS
375.894, 2003, Oct Average, Malaysia, MYS
338.03, 2003, Nov Average, Malaysia, MYS
381.188, 2003, Dec Average, Malaysia, MYS
291.287, 2004, Jan Average, Malaysia, MYS
130.524, 2004, Feb Average, Malaysia, MYS
218.131, 2004, Mar Average, Malaysia, MYS
202.363, 2004, Apr Average, Malaysia, MYS
321.151, 2004, May Average, Malaysia, MYS
141.877, 2004, Jun Average, Malaysia, MYS
233.42, 2004, Jul Average, Malaysia, MYS
142.019, 2004, Aug Average, Malaysia, MYS
268.981, 2004, Sep Average, Malaysia, MYS
264.415, 2004, Oct Average, Malaysia, MYS
306.626, 2004, Nov Average, Malaysia, MYS
366.078, 2004, Dec Average, Malaysia, MYS
170.086, 2005, Jan Average, Malaysia, MYS
112.808, 2005, Feb Average, Malaysia, MYS
227.599, 2005, Mar Average, Malaysia, MYS
149.895, 2005, Apr Average, Malaysia, MYS
284.205, 2005, May Average, Malaysia, MYS
229.052, 2005, Jun Average, Malaysia, MYS
206.652, 2005, Jul Average, Malaysia, MYS
210.723, 2005, Aug Average, Malaysia, MYS
202.239, 2005, Sep Average, Malaysia, MYS
350.824, 2005, Oct Average, Malaysia, MYS
314.688, 2005, Nov Average, Malaysia, MYS
435.3, 2005, Dec Average, Malaysia, MYS
339.076, 2006, Jan Average, Malaysia, MYS
236.504, 2006, Feb Average, Malaysia, MYS
228.564, 2006, Mar Average, Malaysia, MYS
280.783, 2006, Apr Average, Malaysia, MYS
336.068, 2006, May Average, Malaysia, MYS
250.058, 2006, Jun Average, Malaysia, MYS
160.665, 2006, Jul Average, Malaysia, MYS
235.014, 2006, Aug Average, Malaysia, MYS
243.291, 2006, Sep Average, Malaysia, MYS
240.507, 2006, Oct Average, Malaysia, MYS
256.73, 2006, Nov Average, Malaysia, MYS
414.869, 2006, Dec Average, Malaysia, MYS
414.606, 2007, Jan Average, Malaysia, MYS
234.082, 2007, Feb Average, Malaysia, MYS
221.384, 2007, Mar Average, Malaysia, MYS
260.91, 2007, Apr Average, Malaysia, MYS
231.043, 2007, May Average, Malaysia, MYS
272.591, 2007, Jun Average, Malaysia, MYS
280.847, 2007, Jul Average, Malaysia, MYS
219.391, 2007, Aug Average, Malaysia, MYS
269.453, 2007, Sep Average, Malaysia, MYS
299.37, 2007, Oct Average, Malaysia, MYS
286.569, 2007, Nov Average, Malaysia, MYS
380.292, 2007, Dec Average, Malaysia, MYS
270.796, 2008, Jan Average, Malaysia, MYS
338.053, 2008, Feb Average, Malaysia, MYS
403.703, 2008, Mar Average, Malaysia, MYS
278.761, 2008, Apr Average, Malaysia, MYS
236.015, 2008, May Average, Malaysia, MYS
236.181, 2008, Jun Average, Malaysia, MYS
261.287, 2008, Jul Average, Malaysia, MYS
301.969, 2008, Aug Average, Malaysia, MYS
252.606, 2008, Sep Average, Malaysia, MYS
435.614, 2008, Oct Average, Malaysia, MYS
332.561, 2008, Nov Average, Malaysia, MYS
384.961, 2008, Dec Average, Malaysia, MYS
583.791, 2009, Jan Average, Malaysia, MYS
305.722, 2009, Feb Average, Malaysia, MYS
366.12, 2009, Mar Average, Malaysia, MYS
272.018, 2009, Apr Average, Malaysia, MYS
238.448, 2009, May Average, Malaysia, MYS
142.3, 2009, Jun Average, Malaysia, MYS
157.785, 2009, Jul Average, Malaysia, MYS
242.005, 2009, Aug Average, Malaysia, MYS
181.052, 2009, Sep Average, Malaysia, MYS
286.001, 2009, Oct Average, Malaysia, MYS
343.241, 2009, Nov Average, Malaysia, MYS
369.942, 2009, Dec Average, Malaysia, MYS
271.023, 2010, Jan Average, Malaysia, MYS
104.924, 2010, Feb Average, Malaysia, MYS
177.416, 2010, Mar Average, Malaysia, MYS
242.298, 2010, Apr Average, Malaysia, MYS
305.38, 2010, May Average, Malaysia, MYS
259.082, 2010, Jun Average, Malaysia, MYS
293.674, 2010, Jul Average, Malaysia, MYS
313.692, 2010, Aug Average, Malaysia, MYS
311.068, 2010, Sep Average, Malaysia, MYS
223.861, 2010, Oct Average, Malaysia, MYS
365.791, 2010, Nov Average, Malaysia, MYS
381.319, 2010, Dec Average, Malaysia, MYS
467.775, 2011, Jan Average, Malaysia, MYS
287.849, 2011, Feb Average, Malaysia, MYS
419.83, 2011, Mar Average, Malaysia, MYS
236.588, 2011, Apr Average, Malaysia, MYS
265.78, 2011, May Average, Malaysia, MYS
235.847, 2011, Jun Average, Malaysia, MYS
128.896, 2011, Jul Average, Malaysia, MYS
222.674, 2011, Aug Average, Malaysia, MYS
183.768, 2011, Sep Average, Malaysia, MYS
318.473, 2011, Oct Average, Malaysia, MYS
327.101, 2011, Nov Average, Malaysia, MYS
421.087, 2011, Dec Average, Malaysia, MYS
336.621, 2012, Jan Average, Malaysia, MYS
267.162, 2012, Feb Average, Malaysia, MYS
305.357, 2012, Mar Average, Malaysia, MYS
309.988, 2012, Apr Average, Malaysia, MYS
253.611, 2012, May Average, Malaysia, MYS
137.006, 2012, Jun Average, Malaysia, MYS
229.868, 2012, Jul Average, Malaysia, MYS
205.926, 2012, Aug Average, Malaysia, MYS
197.048, 2012, Sep Average, Malaysia, MYS
294.304, 2012, Oct Average, Malaysia, MYS
412.308, 2012, Nov Average, Malaysia, MYS
355.097, 2012, Dec Average, Malaysia, MYS
266.442, 2013, Jan Average, Malaysia, MYS
309.947, 2013, Feb Average, Malaysia, MYS
175.065, 2013, Mar Average, Malaysia, MYS
260.098, 2013, Apr Average, Malaysia, MYS
267.785, 2013, May Average, Malaysia, MYS
140.851, 2013, Jun Average, Malaysia, MYS
177.187, 2013, Jul Average, Malaysia, MYS
250.039, 2013, Aug Average, Malaysia, MYS
251.899, 2013, Sep Average, Malaysia, MYS
278.278, 2013, Oct Average, Malaysia, MYS
415.35, 2013, Nov Average, Malaysia, MYS
396.136, 2013, Dec Average, Malaysia, MYS
342.631, 2014, Jan Average, Malaysia, MYS
102.04, 2014, Feb Average, Malaysia, MYS
123.327, 2014, Mar Average, Malaysia, MYS
179.045, 2014, Apr Average, Malaysia, MYS
275.877, 2014, May Average, Malaysia, MYS
137.645, 2014, Jun Average, Malaysia, MYS
179.243, 2014, Jul Average, Malaysia, MYS
316.373, 2014, Aug Average, Malaysia, MYS
188.5, 2014, Sep Average, Malaysia, MYS
289.686, 2014, Oct Average, Malaysia, MYS
340.002, 2014, Nov Average, Malaysia, MYS
448.116, 2014, Dec Average, Malaysia, MYS
348.157, 2015, Jan Average, Malaysia, MYS
140.194, 2015, Feb Average, Malaysia, MYS
114.696, 2015, Mar Average, Malaysia, MYS
228.677, 2015, Apr Average, Malaysia, MYS
202.096, 2015, May Average, Malaysia, MYS
211.964, 2015, Jun Average, Malaysia, MYS
162.354, 2015, Jul Average, Malaysia, MYS
239.714, 2015, Aug Average, Malaysia, MYS
156.847, 2015, Sep Average, Malaysia, MYS
223.446, 2015, Oct Average, Malaysia, MYS
389.89, 2015, Nov Average, Malaysia, MYS
330.153, 2015, Dec Average, Malaysia, MYS
182.525, 2016, Jan Average, Malaysia, MYS
208.212, 2016, Feb Average, Malaysia, MYS
172.899, 2016, Mar Average, Malaysia, MYS
188.049, 2016, Apr Average, Malaysia, MYS
276.882, 2016, May Average, Malaysia, MYS
208.384, 2016, Jun Average, Malaysia, MYS
236.834, 2016, Jul Average, Malaysia, MYS
211.825, 2016, Aug Average, Malaysia, MYS
237.08, 2016, Sep Average, Malaysia, MYS
297.386, 2016, Oct Average, Malaysia, MYS
337.345, 2016, Nov Average, Malaysia, MYS
381.021, 2016, Dec Average, Malaysia, MYS
